step,energy,beta,lambda,delta
0,3.06523,21.6334,1,0.3
1,2.97161,32.2336,1,0.3
2,2.85359,14.6132,1,0.3
3,2.93428,128.054,1,0.3
4,2.88177,46.6583,1,0.3
5,2.85326,519.898,1,0.3
6,2.8326,1618.75,1,0.3
7,2.77584,33.0346,1,0.3
8,2.7767,18.4792,1,0.3
9,2.75804,44.3735,1,0.3
10,2.72792,21.8464,1,0.3
11,2.72184,27.3208,1,0.3
12,2.76005,59.1598,1,0.3
13,2.86987,190.277,1,0.3
14,2.91152,34.0484,1.06908,0.3
15,2.89753,116.929,1.06908,0.3
16,2.88908,207.319,1.06908,0.3
17,2.88139,34.4742,1.06908,0.3
18,2.93147,88.3741,1.06908,0.3
19,2.9747,185.722,1.06908,0.3
20,2.92306,43.1583,1.06908,0.3
21,2.94309,77.7718,1.06908,0.3
22,3.00699,82.247,1.06908,0.3
23,2.95277,33.0115,1.06908,0.3
24,2.84317,28.4181,1.06908,0.3
25,2.80791,26.8199,1.06908,0.3
26,2.76852,34.0159,1.06908,0.3
27,2.87586,48.8087,1.14293,0.3
28,2.86245,36.664,1.14293,0.3
29,2.91929,73.7966,1.14293,0.3
30,2.82966,28.825,1.14293,0.3
31,2.8221,34.7329,1.14293,0.3
32,2.67514,13.9568,1.14293,0.3
33,2.68298,20.4319,1.14293,0.3
34,2.79295,60.8187,1.14293,0.3
35,2.74807,69.4237,1.14293,0.3
36,2.71274,30.485,1.14293,0.3
37,2.52183,10.1618,1.14293,0.3
38,2.56068,20.2091,1.14293,0.3
39,2.4871,22.6325,1.14293,0.3
40,2.59427,18.8277,1.22188,0.3
41,2.66101,38.7171,1.22188,0.3
42,2.70726,19.2821,1.22188,0.3
43,2.78152,27.2185,1.22188,0.3
44,2.85693,379.804,1.22188,0.3
45,2.81513,44.4611,1.22188,0.3
46,2.80818,2763.56,1.22188,0.3
47,2.80293,61.0344,1.22188,0.3
48,2.81322,71.1791,1.30628,0.3
49,2.81496,44.3594,1.30628,0.3
50,2.73326,15.7004,1.30628,0.3
51,2.76162,28.0518,1.30628,0.3
52,2.82672,206.082,1.30628,0.3
53,2.84012,35.1356,1.30628,0.3
54,2.87623,29.9363,1.39652,0.3
55,2.88367,65.3419,1.39652,0.3
56,2.88909,710.48,1.39652,0.3
57,2.82259,23.0686,1.39652,0.3
58,2.82597,35.5658,1.39652,0.3
59,2.73305,672.979,1.39652,0.3
60,2.66643,26.5487,1.39652,0.3
61,2.8187,111.622,1.39652,0.3
62,2.74016,21.2012,1.39652,0.3
63,2.74529,70.0747,1.49298,0.3
64,2.73397,19.3052,1.49298,0.3
65,2.6182,20.6154,1.49298,0.3
66,2.66703,517.785,1.49298,0.3
67,2.68559,24.6779,1.49298,0.3
68,2.69058,53.4714,1.49298,0.3
69,2.63177,17.6339,1.49298,0.3
70,2.61873,21.9832,1.49298,0.3
71,2.62787,40.6845,1.49298,0.3
72,2.63563,27.5422,1.59612,0.3
73,2.54364,30.7201,1.59612,0.3
74,2.59969,27.3851,1.59612,0.3
75,2.65977,37.2619,1.59612,0.3
76,2.6821,66.9342,1.59612,0.3
77,2.65556,28.4799,1.59612,0.3
78,2.60506,186.731,1.59612,0.3
79,2.47284,15.4219,1.59612,0.3
80,2.49108,37.3298,1.59612,0.3
81,2.58411,373.432,1.70637,0.3
82,2.5723,219.053,1.70637,0.3
83,2.58331,228.394,1.70637,0.3
84,2.58721,26.4672,1.70637,0.3
85,2.51328,16.0177,1.70637,0.3
86,2.49477,21.1978,1.70637,0.3
87,2.35196,11.2164,1.70637,0.3
88,2.36529,64.6277,1.70637,0.3
89,2.41958,42.5554,1.70637,0.3
90,2.50646,120.217,1.82424,0.3
91,2.47796,19.3965,1.82424,0.3
92,2.49836,65.378,1.82424,0.3
93,2.58119,48.8189,1.82424,0.3
94,2.50401,20.2294,1.82424,0.3
95,2.49125,111.035,1.82424,0.3
96,2.50913,32.6853,1.82424,0.3
97,2.44563,57.9785,1.82424,0.3
98,2.60079,455.023,1.82424,0.3
99,2.4888,12.3739,1.82424,0.3
100,2.52831,850.452,1.95026,0.3
101,2.45681,76.6375,1.95026,0.3
102,2.4616,768.306,1.95026,0.3
103,2.47072,90852.2,1.95026,0.3
104,2.3677,17.2234,1.95026,0.3
105,2.27812,11.626,1.95026,0.3
106,2.34979,31.5717,1.95026,0.3
107,2.39477,24.1203,1.95026,0.3
108,2.36924,19.3684,1.95026,0.3
109,2.46753,27.8819,2.08498,0.3
110,2.45609,36.391,2.08498,0.3
111,2.32598,70.2175,2.08498,0.3
112,2.38138,38.9967,2.08498,0.3
113,2.29726,32.8849,2.08498,0.3
114,2.39391,24.1006,2.08498,0.3
115,2.31307,16.4595,2.08498,0.3
116,2.30712,75.8051,2.08498,0.3
117,2.25933,45.563,2.08498,0.3
118,2.14083,12.0962,2.08498,0.3
119,2.07716,166.063,2.08498,0.3
120,2.10559,65.1446,2.08498,0.3
121,2.1875,320.043,2.08498,0.3
122,2.1968,31.623,2.229,0.3
123,2.16076,43.6531,2.229,0.3
124,2.22127,106.764,2.229,0.3
125,2.08398,17.6712,2.229,0.3
126,2.0327,61.8292,2.229,0.3
127,1.978,47.2104,2.229,0.3
128,1.99841,12.5086,2.229,0.3
129,1.8375,13.5317,2.229,0.3
130,1.93708,34.5139,2.229,0.3
131,1.95899,32.0698,2.229,0.3
132,2.04459,24.9913,2.38298,0.3
133,2.08856,36.7081,2.38298,0.3
134,2.16124,43.8628,2.38298,0.3
135,2.15589,95.1477,2.38298,0.3
136,2.03491,18.5869,2.38298,0.3
137,2.0712,36.8998,2.38298,0.3
138,2.06817,18.7946,2.38298,0.3
139,1.987,37.7656,2.38298,0.3
140,2.05548,180.73,2.38298,0.3
141,2.01523,20.1037,2.38298,0.3
142,2.07616,301.87,2.54759,0.3
143,2.02801,1209.35,2.54759,0.3
144,1.97514,19.9365,2.54759,0.3
145,1.97774,40.1308,2.54759,0.3
146,1.87307,14.6117,2.54759,0.3
147,1.80367,20.8745,2.54759,0.3
148,1.81846,66.0261,2.54759,0.3
149,1.91479,107.033,2.54759,0.3
150,1.81444,17.5947,2.54759,0.3
151,1.69754,12.0592,2.54759,0.3
152,1.77394,23.2205,2.54759,0.3
153,1.61686,13.4134,2.54759,0.3
154,1.63838,27.1499,2.72357,0.3
155,1.54491,11.6272,2.72357,0.3
156,1.39865,12.041,2.72357,0.3
157,1.37893,15.8099,2.72357,0.3
158,1.48665,62.745,2.72357,0.3
159,1.57637,145.866,2.72357,0.3
160,1.72491,56.9022,2.72357,0.3
161,1.66863,15.7143,2.72357,0.3
162,1.70013,65.204,2.72357,0.3
163,1.75517,54.9557,2.91171,0.3
164,1.80956,175.38,2.91171,0.3
165,1.84729,25.3461,2.91171,0.3
166,1.69613,30.4965,2.91171,0.3
167,1.51305,11.8458,2.91171,0.3
168,1.61881,62.1512,2.91171,0.3
169,1.6677,16.6321,2.91171,0.3
170,1.64547,13.828,2.91171,0.3
171,1.64145,45.5128,2.91171,0.3
172,1.6169,23.9942,2.91171,0.3
173,1.69065,23.9658,3.11284,0.3
174,1.73025,62.5075,3.11284,0.3
175,1.72166,23.4023,3.11284,0.3
176,1.78774,54.0942,3.11284,0.3
177,1.77733,36.2895,3.11284,0.3
178,1.84048,58.8879,3.11284,0.3
179,1.74375,58.0861,3.11284,0.3
180,1.71011,16.1049,3.11284,0.3
181,1.61197,20.2174,3.11284,0.3
182,1.64702,22.1541,3.11284,0.3
183,1.74846,77.106,3.32787,0.3
184,1.78345,36.0529,3.32787,0.3
185,1.64309,19.0376,3.32787,0.3
186,1.58534,40.6637,3.32787,0.3
187,1.60133,17.5643,3.32787,0.3
188,1.6062,85.0785,3.32787,0.3
189,1.42504,10.1388,3.32787,0.3
190,1.46407,29.5719,3.32787,0.3
191,1.39631,9.52437,3.32787,0.3
192,1.32427,14.9276,3.32787,0.3
193,1.30716,17.1886,3.32787,0.3
194,1.33894,15.3794,3.55775,0.3
195,1.28452,19.0772,3.55775,0.3
196,1.20821,20.7741,3.55775,0.3
197,1.15148,9.70768,3.55775,0.3
198,1.1587,15.0977,3.55775,0.3
199,1.30749,86.0487,3.55775,0.3
200,1.40285,18.6279,3.55775,0.3
201,1.47608,33.7895,3.55775,0.3
202,1.39932,12.5432,3.55775,0.3
203,1.51908,57.0246,3.80351,0.3
204,1.42331,416.276,3.80351,0.3
205,1.38083,27.3116,3.80351,0.3
206,1.57537,110.196,3.80351,0.3
207,1.54808,23.8356,3.80351,0.3
208,1.57906,33.7179,3.80351,0.3
209,1.58133,26.9557,3.80351,0.3
210,1.48358,32.8147,3.80351,0.3
211,1.3766,10.6969,3.80351,0.3
212,1.48446,63.4168,3.80351,0.3
213,1.47974,25.6192,3.80351,0.3
214,1.47372,353.698,3.80351,0.3
215,1.4059,12.7793,3.80351,0.3
216,1.2958,17.3902,3.80351,0.3
217,1.34017,16.409,4.06625,0.3
218,1.30425,18.5284,4.06625,0.3
219,1.42528,16.8497,4.06625,0.3
220,1.47011,105.779,4.06625,0.3
221,1.39326,40.0728,4.06625,0.3
222,1.37128,27.8296,4.06625,0.3
223,1.4918,33.1946,4.06625,0.3
224,1.46561,28.4065,4.06625,0.3
225,1.60983,23.6057,4.06625,0.3
226,1.54663,13.651,4.06625,0.3
227,1.4515,24.577,4.06625,0.3
228,1.377,11.8804,4.06625,0.3
229,1.39021,22.4445,4.34714,0.3
230,1.30114,16.7253,4.34714,0.3
231,1.28709,12.0341,4.34714,0.3
232,1.20527,17.5158,4.34714,0.3
233,1.13925,11.2591,4.34714,0.3
234,1.19765,19.3035,4.34714,0.3
235,1.25766,36.0433,4.34714,0.3
236,1.38861,55.6046,4.34714,0.3
237,1.27988,14.5234,4.34714,0.3
238,1.35463,68.5699,4.34714,0.3
239,1.42397,37.3469,4.64743,0.3
240,1.44388,20.2517,4.64743,0.3
241,1.46103,33.6416,4.64743,0.3
242,1.40359,31.9068,4.64743,0.3
243,1.46786,183.959,4.64743,0.3
244,1.44415,25.6372,4.64743,0.3
245,1.53325,212.511,4.64743,0.3
246,1.50002,25.1469,4.64743,0.3
247,1.37496,20.3471,4.64743,0.3
248,1.3348,21.6035,4.64743,0.3
249,1.3621,25.5921,4.96846,0.3
250,1.27044,17.1709,4.96846,0.3
251,1.21645,18.0014,4.96846,0.3
252,1.1541,31.0366,4.96846,0.3
253,1.04801,16.5741,4.96846,0.3
254,0.994467,213.77,4.96846,0.3
255,1.05408,23.333,4.96846,0.3
256,1.04083,23.9459,4.96846,0.3
257,1.10708,23.7039,4.96846,0.3
258,1.04377,68.8064,4.96846,0.3
259,1.12899,58.7768,4.96846,0.3
260,1.24964,85.8919,4.96846,0.3
261,1.33221,42.1772,5.31167,0.3
262,1.37528,26.4346,5.31167,0.3
263,1.41032,75.473,5.31167,0.3
264,1.39321,146.861,5.31167,0.3
265,1.49142,77.5532,5.31167,0.3
266,1.46442,35.8387,5.31167,0.3
267,1.49217,96.114,5.31167,0.3
268,1.4525,123.66,5.31167,0.3
269,1.41694,16.3068,5.31167,0.3
270,1.33727,32.0608,5.31167,0.3
271,1.31518,72.7978,5.31167,0.3
272,1.23716,13.6835,5.31167,0.3
273,1.3119,1912.68,5.67858,0.3
274,1.36667,67.6068,5.67858,0.3
275,1.32779,34.028,5.67858,0.3
276,1.2328,50.3993,5.67858,0.3
277,1.14935,18.4687,5.67858,0.3
278,1.14438,21.4101,5.67858,0.3
279,1.06393,90.4368,5.67858,0.3
280,1.15121,45.4555,5.67858,0.3
281,1.18083,48.123,5.67858,0.3
282,1.16251,93.2004,5.67858,0.3
283,1.18452,30.0504,5.67858,0.3
284,1.08228,12.6668,5.67858,0.3
285,1.21469,127.578,6.07085,0.3
286,1.10233,19.3068,6.07085,0.3
287,1.12046,34.3102,6.07085,0.3
288,1.13409,36.9084,6.07085,0.3
289,1.02379,19.0118,6.07085,0.3
290,1.05317,147.878,6.07085,0.3
291,1.01306,17.2951,6.07085,0.3
292,1.02966,107.741,6.07085,0.3
293,0.980684,32.3073,6.07085,0.3
294,1.06919,1144.59,6.49021,0.3
295,1.12958,34.3301,6.49021,0.3
296,1.17792,118.096,6.49021,0.3
297,1.08854,15.1507,6.49021,0.3
298,1.09394,40.6809,6.49021,0.3
299,1.18194,36.8058,6.49021,0.3
300,1.20736,53.121,6.93854,0.3
301,1.20226,54.5144,6.93854,0.3
302,1.20355,48.3809,6.93854,0.3
303,1.00322,40.3766,6.93854,0.3
304,1.03967,105.341,6.93854,0.3
305,1.05643,16.2435,6.93854,0.3
306,0.971571,12.4809,6.93854,0.3
307,0.888985,12.2668,6.93854,0.3
308,0.957676,441.834,6.93854,0.3
309,1.01493,537.985,7.41783,0.3
310,0.921219,13.0234,7.41783,0.3
311,0.943256,21.702,7.41783,0.3
312,1.00348,68.7017,7.41783,0.3
313,1.10881,320.086,7.41783,0.3
314,1.05011,42.3275,7.41783,0.3
315,1.04584,45.9779,7.41783,0.3
316,1.0599,28.2894,7.41783,0.3
317,1.01783,31.304,7.41783,0.3
318,1.06082,44.683,7.93024,0.3
319,1.05,46.8786,7.93024,0.3
320,1.06108,28.6952,7.93024,0.3
321,0.976395,31.004,7.93024,0.3
322,0.938566,836.384,7.93024,0.3
323,0.926147,144.302,7.93024,0.3
324,0.958843,36.8099,7.93024,0.3
325,0.949715,40.8049,7.93024,0.3
326,0.956842,288.427,7.93024,0.3
327,1.06113,61.8142,7.93024,0.3
328,1.07191,102.515,8.47804,0.3
329,1.05786,109.239,8.47804,0.3
330,0.969036,19.575,8.47804,0.3
331,0.969278,424.047,8.47804,0.3
332,1.05062,314.912,8.47804,0.3
333,1.11087,2919.76,8.47804,0.3
334,1.03045,16.0648,8.47804,0.3
335,0.979431,29.0361,8.47804,0.3
336,1.04112,53.4086,8.47804,0.3
337,1.13684,105.928,9.06368,0.3
338,1.08453,79.5037,9.06368,0.3
339,1.1289,100.919,9.06368,0.3
340,1.08562,70.8091,9.06368,0.3
341,1.04626,26.304,9.06368,0.3
342,1.01906,27.5943,9.06368,0.3
343,0.873682,10.8183,9.06368,0.3
344,0.948208,35.3534,9.06368,0.3
345,0.952539,91.5185,9.06368,0.3
346,0.94825,27.9295,9.06368,0.3
347,0.930906,43.726,9.06368,0.3
348,0.983303,59.3614,9.06368,0.3
349,1.03263,48.8701,9.68978,0.3
350,1.14513,116.943,9.68978,0.3
351,1.14909,36.3445,9.68978,0.3
352,1.06176,17.2399,9.68978,0.3
353,0.952526,15.7116,9.68978,0.3
354,0.960306,103.233,9.68978,0.3
355,0.893223,16.3443,9.68978,0.3
356,0.915226,45.2147,9.68978,0.3
357,0.896675,128.547,9.68978,0.3
358,0.899303,122.169,10.3591,0.3
359,0.899036,85.4009,10.3591,0.3
360,0.910868,35.3739,10.3591,0.3
361,0.882685,24.3859,10.3591,0.3
362,0.849163,20.6277,10.3591,0.3
363,0.777796,17.0126,10.3591,0.3
364,0.825232,231.649,10.3591,0.3
365,0.916933,2776.37,10.3591,0.3
366,0.828224,69.6001,10.3591,0.3
367,0.870041,26.939,10.3591,0.3
368,0.976177,103.272,11.0747,0.3
369,0.953844,43.8182,11.0747,0.3
370,0.946138,67.1728,11.0747,0.3
371,0.955814,44.0069,11.0747,0.3
372,0.96277,35.4981,11.0747,0.3
373,0.881283,33.3605,11.0747,0.3
374,0.923315,74.9299,11.0747,0.3
375,0.83408,14.6688,11.0747,0.3
376,0.881201,239.934,11.0747,0.3
377,0.83675,139.563,11.0747,0.3
378,0.827196,88.7892,11.0747,0.3
379,0.83527,33.3193,11.8397,0.3
380,0.857592,262.867,11.8397,0.3
381,0.819012,147.544,11.8397,0.3
382,0.819901,44.533,11.8397,0.3
383,0.699125,21.6221,11.8397,0.3
384,0.778053,130.318,11.8397,0.3
385,0.785646,232.81,11.8397,0.3
386,0.855967,87.5427,12.6576,0.3
387,0.864485,320.468,12.6576,0.3
388,0.909685,955.037,12.6576,0.3
389,0.818998,18.0006,12.6576,0.3
390,0.813772,40.7036,12.6576,0.3
391,0.853424,72.1565,12.6576,0.3
392,0.832386,25.447,12.6576,0.3
393,0.817663,49.0435,12.6576,0.3
394,0.831961,272.114,12.6576,0.3
395,0.779329,63.178,12.6576,0.3
396,0.726454,88.7456,12.6576,0.3
397,0.79347,213.015,13.5319,0.3
398,0.712427,39.9258,13.5319,0.3
399,0.726877,28.8958,13.5319,0.3
400,0.754093,108.046,13.5319,0.3
401,0.666887,18.8977,13.5319,0.3
402,0.624544,40.6841,13.5319,0.3
403,0.638433,43.0299,13.5319,0.3
404,0.686087,33.425,13.5319,0.3
405,0.643087,114.57,13.5319,0.3
406,0.700102,221.676,14.4667,0.3
407,0.655998,30.4987,14.4667,0.3
408,0.609264,25.1458,14.4667,0.3
409,0.589571,44.9552,14.4667,0.3
410,0.591784,31.3396,14.4667,0.3
411,0.551168,18.7354,14.4667,0.3
412,0.507246,45.4286,14.4667,0.3
413,0.483089,20.5975,14.4667,0.3
414,0.500181,55.5147,14.4667,0.3
415,0.594725,363409,14.4667,0.3
416,0.607916,98.5872,14.4667,0.3
417,0.575165,40.8298,14.4667,0.3
418,0.598637,36.4753,15.466,0.3
419,0.616962,78.9425,15.466,0.3
420,0.605478,46.6559,15.466,0.3
421,0.628428,177.913,15.466,0.3
422,0.612103,193.457,15.466,0.3
423,0.653065,105.751,15.466,0.3
424,0.676628,137.483,15.466,0.3
425,0.597704,33.8269,15.466,0.3
426,0.573887,146.065,15.466,0.3
427,0.637707,256.116,16.5344,0.3
428,0.60638,38.9699,16.5344,0.3
429,0.53373,15.613,16.5344,0.3
430,0.530737,55.6812,16.5344,0.3
431,0.56299,77.4051,16.5344,0.3
432,0.558096,96.9439,16.5344,0.3
433,0.609478,370.447,16.5344,0.3
434,0.571913,64.0149,16.5344,0.3
435,0.590099,57.0014,16.5344,0.3
436,0.546366,43.6391,16.5344,0.3
437,0.568861,58.5566,16.5344,0.3
438,0.593252,127.211,17.6765,0.3
439,0.637486,103.873,17.6765,0.3
440,0.5952,45.6785,17.6765,0.3
441,0.571375,47.273,17.6765,0.3
442,0.521515,53.4722,17.6765,0.3
443,0.562012,84.7294,17.6765,0.3
444,0.573812,5957.52,17.6765,0.3
445,0.582159,81.986,17.6765,0.3
446,0.530888,34.9831,17.6765,0.3
447,0.551857,51.7828,18.8976,0.3
448,0.54793,848.274,18.8976,0.3
449,0.602379,60.3694,18.8976,0.3
450,0.607565,1526.48,18.8976,0.3
451,0.606937,127.795,18.8976,0.3
452,0.585184,31.1689,18.8976,0.3
453,0.593491,106.469,18.8976,0.3
454,0.631342,630.918,18.8976,0.3
455,0.620953,46.197,18.8976,0.3
456,0.630577,30.8992,20.203,0.3
457,0.661167,62.445,20.203,0.3
458,0.704205,110.047,20.203,0.3
459,0.657137,34.0318,20.203,0.3
460,0.669374,1462.41,20.203,0.3
461,0.643141,34.3511,20.203,0.3
462,0.64604,115.963,20.203,0.3
463,0.610712,85.5286,20.203,0.3
464,0.576689,431.602,20.203,0.3
465,0.587297,603.669,21.5986,0.3
466,0.538086,33.0422,21.5986,0.3
467,0.533997,49.4828,21.5986,0.3
468,0.531153,104.683,21.5986,0.3
469,0.510866,36.2872,21.5986,0.3
470,0.540928,70.4193,21.5986,0.3
471,0.545095,49.3955,21.5986,0.3
472,0.517738,38.0641,21.5986,0.3
473,0.543745,117.233,21.5986,0.3
474,0.582594,210.057,21.5986,0.3
475,0.54088,48.0741,21.5986,0.3
476,0.549471,65.0601,23.0905,0.3
477,0.518011,130.61,23.0905,0.3
478,0.514202,35.3008,23.0905,0.3
479,0.433891,37.8039,23.0905,0.3
480,0.440603,69.6141,23.0905,0.3
481,0.451702,99.1665,23.0905,0.3
482,0.489388,99.4241,23.0905,0.3
483,0.532265,77.7121,23.0905,0.3
484,0.560602,972.982,24.6856,0.3
485,0.593941,152.866,24.6856,0.3
486,0.586903,243.638,24.6856,0.3
487,0.578581,40.5241,24.6856,0.3
488,0.56283,141.786,24.6856,0.3
489,0.512678,68.7944,24.6856,0.3
490,0.562571,185.611,24.6856,0.3
491,0.59742,1734.65,24.6856,0.3
492,0.576277,112.667,24.6856,0.3
493,0.569351,103.372,24.6856,0.3
494,0.577166,135.237,24.6856,0.3
495,0.631783,162.854,26.3908,0.3
496,0.589014,34.9684,26.3908,0.3
497,0.587034,104.34,26.3908,0.3
498,0.5569,46.1936,26.3908,0.3
499,0.498919,45.9233,26.3908,0.3
500,0.523113,118.751,26.3908,0.3
501,0.496704,208.198,26.3908,0.3
502,0.501822,443.223,26.3908,0.3
503,0.523218,249.303,26.3908,0.3
504,0.512695,75.8964,26.3908,0.3
505,0.526365,730.47,26.3908,0.3
506,0.52722,249.108,28.2138,0.3
507,0.528259,442.266,28.2138,0.3
508,0.522848,79.8424,28.2138,0.3
509,0.468777,48.1882,28.2138,0.3
510,0.449522,55.9006,28.2138,0.3
511,0.404312,106.95,28.2138,0.3
512,0.462952,1651.86,28.2138,0.3
513,0.443979,60.5784,28.2138,0.3
514,0.449667,113.61,28.2138,0.3
515,0.394026,32.5086,28.2138,0.3
516,0.38764,106.535,28.2138,0.3
517,0.38368,48.2262,28.2138,0.3
518,0.406149,91.8358,28.2138,0.3
519,0.372793,54.8211,28.2138,0.3
520,0.335268,3244.72,28.2138,0.3
521,0.388262,110.478,30.1628,0.3
522,0.379332,56.9309,30.1628,0.3
523,0.433664,616.664,30.1628,0.3
524,0.401812,49.3287,30.1628,0.3
525,0.357605,42.5942,30.1628,0.3
526,0.395388,69.701,30.1628,0.3
527,0.448603,125.771,30.1628,0.3
528,0.443398,68.3195,30.1628,0.3
529,0.433405,61.8091,30.1628,0.3
530,0.420233,45.7789,30.1628,0.3
531,0.447952,369.805,30.1628,0.3
532,0.427794,374.595,30.1628,0.3
533,0.398643,37.0865,30.1628,0.3
534,0.360172,29.5711,30.1628,0.3
535,0.387466,532.684,32.2463,0.3
536,0.391659,42.3418,32.2463,0.3
537,0.397394,146.567,32.2463,0.3
538,0.363407,27.5502,32.2463,0.3
539,0.395599,110.754,32.2463,0.3
540,0.41675,79.3325,32.2463,0.3
541,0.412327,63.7818,32.2463,0.3
542,0.414465,198.053,34.4738,0.3
543,0.42416,86.8646,34.4738,0.3
544,0.437983,123.933,34.4738,0.3
545,0.423332,81.9103,34.4738,0.3
546,0.396112,59.7041,34.4738,0.3
547,0.400747,93.9962,34.4738,0.3
548,0.366026,72.7226,34.4738,0.3
549,0.341331,54.551,34.4738,0.3
550,0.352621,118.147,34.4738,0.3
551,0.368811,195.402,36.8552,0.3
552,0.380806,184.472,36.8552,0.3
553,0.344648,40.4307,36.8552,0.3
554,0.36462,64.0559,36.8552,0.3
555,0.337534,55.4141,36.8552,0.3
556,0.354053,1070.48,36.8552,0.3
557,0.358738,52.4755,36.8552,0.3
558,0.366186,149.275,39.4011,0.3
559,0.365198,56.7055,39.4011,0.3
560,0.363344,59.9876,39.4011,0.3
561,0.339355,57.3482,39.4011,0.3
562,0.351574,96.5413,39.4011,0.3
563,0.319111,31.9114,39.4011,0.3
564,0.295731,56.7905,39.4011,0.3
565,0.3344,327.14,39.4011,0.3
566,0.370153,255.529,39.4011,0.3
567,0.360323,57.0378,39.4011,0.3
568,0.368597,68.1067,39.4011,0.3
569,0.369184,94.1253,42.1228,0.3
570,0.371738,1331.17,42.1228,0.3
571,0.323023,253.511,42.1228,0.3
572,0.294743,48.9482,42.1228,0.3
573,0.285555,99.6705,42.1228,0.3
574,0.246565,113.955,42.1228,0.3
575,0.277555,108.229,42.1228,0.3
576,0.255487,195.678,42.1228,0.3
577,0.26585,112.244,42.1228,0.3
578,0.289968,551.455,42.1228,0.3
579,0.289946,50.4866,42.1228,0.3
580,0.269943,74.3956,42.1228,0.3
581,0.237425,454.261,42.1228,0.3
582,0.272928,577.55,45.0325,0.3
583,0.264978,76.586,45.0325,0.3
584,0.296383,158.623,45.0325,0.3
585,0.32757,388.799,45.0325,0.3
586,0.339981,87.7414,45.0325,0.3
587,0.360554,3845.59,45.0325,0.3
588,0.413708,571.548,48.1433,0.3
589,0.438231,1013.84,48.1433,0.3
590,0.42631,224.885,48.1433,0.3
591,0.426739,161.756,48.1433,0.3
592,0.393847,39.1335,48.1433,0.3
593,0.399817,339.828,48.1433,0.3
594,0.381079,241.995,48.1433,0.3
595,0.387428,578.066,48.1433,0.3
596,0.343077,42.8459,48.1433,0.3
597,0.318275,257.087,48.1433,0.3
598,0.325792,98.2303,51.4689,0.3
599,0.277021,39.9231,51.4689,0.3
600,0.26351,91.752,51.4689,0.3
601,0.285675,136.868,51.4689,0.3
602,0.287113,982.249,51.4689,0.3
603,0.27622,113.763,51.4689,0.3
604,0.304073,123.163,51.4689,0.3
605,0.320971,123.736,51.4689,0.3
606,0.325287,5957.52,55.0242,0.3
607,0.297888,45.7441,55.0242,0.3
608,0.312609,83.9892,55.0242,0.3
609,0.317455,809.599,55.0242,0.3
610,0.271561,43.5379,55.0242,0.3
611,0.260359,78.4647,55.0242,0.3
612,0.248493,120.684,55.0242,0.3
613,0.236061,234.418,55.0242,0.3
614,0.229826,288.863,55.0242,0.3
615,0.250755,146.436,55.0242,0.3
616,0.249603,192.672,55.0242,0.3
617,0.253216,238.718,55.0242,0.3
618,0.248928,138.914,55.0242,0.3
619,0.250845,96.0316,58.8252,0.3
620,0.23197,1193.46,58.8252,0.3
621,0.239647,210.945,58.8252,0.3
622,0.262125,953.248,58.8252,0.3
623,0.241264,91.192,58.8252,0.3
624,0.246758,127.4,58.8252,0.3
625,0.209576,69.2778,58.8252,0.3
626,0.220716,296.574,58.8252,0.3
627,0.210211,56.0845,58.8252,0.3
628,0.240139,448.212,62.8887,0.3
629,0.246124,100.344,62.8887,0.3
630,0.257006,131.528,62.8887,0.3
631,0.252132,92.5471,62.8887,0.3
632,0.26206,301.523,62.8887,0.3
633,0.266039,116.899,62.8887,0.3
634,0.250439,417.304,62.8887,0.3
635,0.232462,225.005,62.8887,0.3
636,0.229527,74.1514,62.8887,0.3
637,0.201584,53.2151,62.8887,0.3
638,0.199282,62.5231,62.8887,0.3
639,0.211168,93.7636,67.2329,0.3
640,0.229666,743.168,67.2329,0.3
641,0.242844,570.598,67.2329,0.3
642,0.254896,73.6239,67.2329,0.3
643,0.21677,93.0975,67.2329,0.3
644,0.198698,134.985,67.2329,0.3
645,0.219463,277.073,67.2329,0.3
646,0.217319,202.822,67.2329,0.3
647,0.240202,620.124,71.8772,0.3
648,0.235167,100.786,71.8772,0.3
649,0.249014,113.047,71.8772,0.3
650,0.254942,161.23,71.8772,0.3
651,0.261942,260.598,71.8772,0.3
652,0.275496,269.764,71.8772,0.3
653,0.255033,113.013,71.8772,0.3
654,0.267107,90.7208,76.8423,0.3
655,0.248318,449.183,76.8423,0.3
656,0.256886,101.932,76.8423,0.3
657,0.239977,60.9667,76.8423,0.3
658,0.252367,515.237,76.8423,0.3
659,0.251907,129.515,76.8423,0.3
660,0.256453,113.83,76.8423,0.3
661,0.25659,149.082,76.8423,0.3
662,0.268061,4600.11,82.1504,0.3
663,0.277546,921.868,82.1504,0.3
664,0.271807,84.9401,82.1504,0.3
665,0.261518,133.852,82.1504,0.3
666,0.255125,485.712,82.1504,0.3
667,0.231554,53.1715,82.1504,0.3
668,0.213522,142.502,82.1504,0.3
669,0.217257,528.451,82.1504,0.3
670,0.197289,114.036,82.1504,0.3
671,0.204428,110.494,82.1504,0.3
672,0.191832,77.7585,82.1504,0.3
673,0.205883,147.045,82.1504,0.3
674,0.206285,296.808,87.8251,0.3
675,0.179119,102.954,87.8251,0.3
676,0.186777,146.514,87.8251,0.3
677,0.199694,824.635,87.8251,0.3
678,0.191372,94.1742,87.8251,0.3
679,0.199774,132.251,87.8251,0.3
680,0.194807,408.285,87.8251,0.3
681,0.200043,6547.9,87.8251,0.3
682,0.199465,181.039,87.8251,0.3
683,0.176617,76.106,87.8251,0.3
684,0.196077,1019.73,93.8919,0.3
685,0.192612,271.236,93.8919,0.3
686,0.201227,2300.05,93.8919,0.3
687,0.192551,197.629,93.8919,0.3
688,0.200201,196.605,93.8919,0.3
689,0.20175,181.837,93.8919,0.3
690,0.18478,80.9152,93.8919,0.3
691,0.177368,91.0733,93.8919,0.3
692,0.183971,366.758,93.8919,0.3
693,0.182861,104.973,93.8919,0.3
694,0.193956,144.993,100.378,0.3
695,0.184116,114.007,100.378,0.3
696,0.174932,194.712,100.378,0.3
697,0.169632,256.521,100.378,0.3
698,0.167215,151.743,100.378,0.3
699,0.171858,244.232,100.378,0.3
700,0.170692,127.294,100.378,0.3
701,0.178343,198.753,100.378,0.3
702,0.184587,1215.54,100.378,0.3
703,0.18767,196.161,100.378,0.3
704,0.17902,137.833,100.378,0.3
705,0.17322,115.303,100.378,0.3
706,0.162346,86.0235,100.378,0.3
707,0.171078,177.789,107.312,0.3
708,0.179007,111.945,107.312,0.3
709,0.182106,126.304,107.312,0.3
710,0.166143,80.4526,107.312,0.3
711,0.163395,916.521,107.312,0.3
712,0.152754,173.914,107.312,0.3
713,0.151964,3028.52,107.312,0.3
714,0.167612,498.947,107.312,0.3
715,0.155344,62.2379,107.312,0.3
716,0.150423,154.262,107.312,0.3
717,0.160053,174.601,107.312,0.3
718,0.144499,170.254,107.312,0.3
719,0.15251,167.658,114.724,0.3
720,0.149107,178.073,114.724,0.3
721,0.137691,174.29,114.724,0.3
722,0.138083,196.948,114.724,0.3
723,0.143757,205.486,114.724,0.3
724,0.150049,181.557,114.724,0.3
725,0.153349,3993.5,114.724,0.3
726,0.162539,230.213,122.649,0.3
727,0.169481,228.213,122.649,0.3
728,0.166542,699.588,122.649,0.3
729,0.165583,108.666,122.649,0.3
730,0.167925,135.623,122.649,0.3
731,0.172977,290.509,122.649,0.3
732,0.176472,362.548,122.649,0.3
733,0.178764,273.199,131.122,0.3
734,0.196508,516.614,131.122,0.3
735,0.187992,590.047,131.122,0.3
736,0.186365,148.999,131.122,0.3
737,0.189684,278.195,131.122,0.3
738,0.188959,156.928,131.122,0.3
739,0.183809,980.05,131.122,0.3
740,0.18037,167.725,131.122,0.3
741,0.185087,1863.83,131.122,0.3
742,0.188696,1176.12,131.122,0.3
743,0.193827,391.069,140.179,0.3
744,0.193623,317.776,140.179,0.3
745,0.162783,148.695,140.179,0.3
746,0.157726,292.322,140.179,0.3
747,0.172686,246.153,140.179,0.3
748,0.19339,1618.84,140.179,0.3
749,0.186975,135.181,140.179,0.3
750,0.193981,151.668,140.179,0.3
751,0.185034,157.042,140.179,0.3
752,0.192017,744.108,140.179,0.3
753,0.177412,300.159,140.179,0.3
754,0.181589,242.152,149.862,0.3
755,0.180336,683.481,149.862,0.3
756,0.170366,98.9971,149.862,0.3
757,0.148607,73.1168,149.862,0.3
758,0.161995,55909,149.862,0.3
759,0.163712,1229.81,149.862,0.3
760,0.159901,236.03,149.862,0.3
761,0.1562,5228.9,149.862,0.3
762,0.15353,272.482,149.862,0.3
763,0.157154,241.288,149.862,0.3
764,0.162941,258.618,149.862,0.3
765,0.153635,114.81,149.862,0.3
766,0.152679,2480.61,149.862,0.3
767,0.147558,1873.24,149.862,0.3
768,0.153496,334.969,160.215,0.3
769,0.141577,209.069,160.215,0.3
770,0.136105,194.185,160.215,0.3
771,0.120106,107.019,160.215,0.3
772,0.113173,157.737,160.215,0.3
773,0.13097,1356.6,160.215,0.3
774,0.127617,209.21,160.215,0.3
775,0.127037,177.321,160.215,0.3
776,0.116814,112.25,160.215,0.3
777,0.111502,484.923,160.215,0.3
778,0.106401,160.523,160.215,0.3
779,0.115177,555.248,160.215,0.3
780,0.112234,189.941,160.215,0.3
781,0.115587,153.373,160.215,0.3
782,0.126209,6265.67,160.215,0.3
783,0.13097,433.187,171.282,0.3
784,0.12788,652.955,171.282,0.3
785,0.135725,3652.35,171.282,0.3
786,0.13979,4120.13,171.282,0.3
787,0.142704,293.561,171.282,0.3
788,0.15584,1788.78,171.282,0.3
789,0.141912,3866.05,171.282,0.3
790,0.145401,929.669,183.113,0.3
791,0.144194,208.87,183.113,0.3
792,0.139425,205.951,183.113,0.3
793,0.141514,228.885,183.113,0.3
794,0.139093,203.854,183.113,0.3
795,0.141935,865.878,183.113,0.3
796,0.142792,271.353,183.113,0.3
797,0.12232,128.685,183.113,0.3
798,0.129042,331.125,183.113,0.3
799,0.118799,141.569,183.113,0.3
800,0.117435,326.888,183.113,0.3
801,0.110836,155.023,183.113,0.3
802,0.121998,441.063,195.763,0.3
803,0.126743,322.422,195.763,0.3
804,0.131477,230.727,195.763,0.3
805,0.139282,323.461,195.763,0.3
806,0.139921,319.317,195.763,0.3
807,0.143627,253.949,209.285,0.3
808,0.14423,201.306,209.285,0.3
809,0.141386,697.526,209.285,0.3
810,0.1376,506.988,209.285,0.3
811,0.135195,200.837,209.285,0.3
812,0.138334,360.6,209.285,0.3
813,0.13492,211.176,209.285,0.3
814,0.131247,1363.63,209.285,0.3
815,0.128389,383.348,209.285,0.3
816,0.120142,203.486,209.285,0.3
817,0.117224,198.986,209.285,0.3
818,0.125042,2828.36,209.285,0.3
819,0.130922,190.69,209.285,0.3
820,0.135096,231.682,223.742,0.3
821,0.133575,499.542,223.742,0.3
822,0.134333,371.773,223.742,0.3
823,0.139238,807.298,223.742,0.3
824,0.129642,114.996,223.742,0.3
825,0.141356,1259.86,223.742,0.3
826,0.136232,184.823,223.742,0.3
827,0.136961,484.044,223.742,0.3
828,0.130919,637.21,223.742,0.3
829,0.118132,134.387,223.742,0.3
830,0.120966,340.23,239.198,0.3
831,0.117981,220.915,239.198,0.3
832,0.122059,277.312,239.198,0.3
833,0.117914,139.462,239.198,0.3
834,0.107296,153.419,239.198,0.3
835,0.100258,204.287,239.198,0.3
836,0.0916462,192.247,239.198,0.3
837,0.0975552,850.856,239.198,0.3
838,0.103111,449.532,239.198,0.3
839,0.0895576,249.176,239.198,0.3
840,0.0805855,215.462,239.198,0.3
841,0.0720749,366.565,239.198,0.3
842,0.0734882,292.213,239.198,0.3
843,0.0646267,287.424,239.198,0.3
844,0.0771141,1505.47,255.721,0.3
845,0.0824203,2550.24,255.721,0.3
846,0.092123,639.286,255.721,0.3
847,0.0820827,162.756,255.721,0.3
848,0.0862427,420.521,255.721,0.3
849,0.0815754,214.86,255.721,0.3
850,0.0900326,2191.42,255.721,0.3
851,0.0948429,303.247,273.386,0.3
852,0.0915508,251.188,273.386,0.3
853,0.101494,1209.78,273.386,0.3
854,0.0952778,179.213,273.386,0.3
855,0.0979824,42754,273.386,0.3
856,0.09515,270.204,273.386,0.3
857,0.0966091,310.217,273.386,0.3
858,0.0969524,241.668,273.386,0.3
859,0.0965176,364.457,273.386,0.3
860,0.101608,1345.18,292.27,0.3
861,0.0896702,214.892,292.27,0.3
862,0.0854206,668.572,292.27,0.3
863,0.0868835,982.268,292.27,0.3
864,0.0920963,294.503,292.27,0.3
865,0.0949993,683.647,292.27,0.3
866,0.0945549,368.907,292.27,0.3
867,0.0846653,166.798,292.27,0.3
868,0.0849209,338.228,292.27,0.3
869,0.0909901,2255.06,312.46,0.3
870,0.0888309,278.757,312.46,0.3
871,0.0980911,834.581,312.46,0.3
872,0.102276,1220.28,312.46,0.3
873,0.097723,384.086,312.46,0.3
874,0.0930557,322.339,312.46,0.3
875,0.0983028,884.226,312.46,0.3
876,0.0993214,1145.79,312.46,0.3
877,0.0958748,207.957,312.46,0.3
878,0.0902996,160.655,312.46,0.3
879,0.0884895,353.595,312.46,0.3
880,0.0903931,1127.07,334.044,0.3
881,0.0858765,201.892,334.044,0.3
882,0.0817375,365.454,334.044,0.3
883,0.0811749,793.652,334.044,0.3
884,0.082262,539.601,334.044,0.3
885,0.0749798,182.996,334.044,0.3
886,0.0740299,494.705,334.044,0.3
887,0.0761299,277.113,334.044,0.3
888,0.0819626,392.728,334.044,0.3
889,0.0816593,165.635,334.044,0.3
890,0.0780411,179.975,334.044,0.3
891,0.0771961,327.364,334.044,0.3
892,0.0842075,274.617,334.044,0.3
893,0.0905457,2251.48,357.119,0.3
894,0.0864792,198.922,357.119,0.3
895,0.0809212,51915.5,357.119,0.3
896,0.0824318,354.291,357.119,0.3
897,0.081337,266.965,357.119,0.3
898,0.0898571,949.728,357.119,0.3
899,0.0829353,930.329,357.119,0.3
900,0.0882034,836.91,357.119,0.3
901,0.0926952,295.747,357.119,0.3
902,0.0941792,409.441,381.788,0.3
903,0.0950928,1123.18,381.788,0.3
904,0.0938225,361.02,381.788,0.3
905,0.0970402,1338.14,381.788,0.3
906,0.0910511,277.529,381.788,0.3
907,0.0977173,836.341,381.788,0.3
908,0.103014,350.052,381.788,0.3
909,0.102388,741.08,381.788,0.3
910,0.0919991,192.414,381.788,0.3
911,0.098568,13716.1,408.161,0.3
912,0.0993462,680.754,408.161,0.3
913,0.0972996,557.082,408.161,0.3
914,0.0915318,393.186,408.161,0.3
915,0.0874329,286.658,408.161,0.3
916,0.0866146,288.4,408.161,0.3
917,0.0914936,2285.87,408.161,0.3
918,0.0829144,241.082,408.161,0.3
919,0.0786476,730.727,408.161,0.3
920,0.0827274,542.459,408.161,0.3
921,0.0853157,748.57,408.161,0.3
922,0.0857334,736.642,436.355,0.3
923,0.0833244,391.656,436.355,0.3
924,0.0829868,2611.32,436.355,0.3
925,0.08428,1124.22,436.355,0.3
926,0.0824642,520.423,436.355,0.3
927,0.0779819,292.255,436.355,0.3
928,0.082222,365.215,436.355,0.3
929,0.0782719,221.936,436.355,0.3
930,0.0775452,434.025,436.355,0.3
931,0.0722218,254.179,436.355,0.3
932,0.0668221,253.838,436.355,0.3
933,0.0707321,820.547,436.355,0.3
934,0.0745659,596.768,436.355,0.3
935,0.0701923,245.048,436.355,0.3
936,0.0679779,381.293,436.355,0.3
937,0.0671253,329.373,436.355,0.3
938,0.0709133,2747.19,466.498,0.3
939,0.0697021,833.995,466.498,0.3
940,0.0791283,4720.35,466.498,0.3
941,0.0773449,357.447,466.498,0.3
942,0.0782909,441.166,466.498,0.3
943,0.0767326,1593.66,466.498,0.3
944,0.0702515,198.953,466.498,0.3
945,0.0696392,359.14,466.498,0.3
946,0.0732479,5622.37,466.498,0.3
947,0.074398,457.592,466.498,0.3
948,0.071703,257.51,466.498,0.3
949,0.0761948,6392.02,498.722,0.3
950,0.0711346,348.461,498.722,0.3
951,0.0707798,1076.41,498.722,0.3
952,0.0680313,228.585,498.722,0.3
953,0.0682163,1863.65,498.722,0.3
954,0.0684681,421.355,498.722,0.3
955,0.0635891,204.616,498.722,0.3
956,0.0615196,561.487,498.722,0.3
957,0.0599461,428.588,498.722,0.3
958,0.0614796,688.746,498.722,0.3
959,0.066946,1412.24,498.722,0.3
960,0.0687008,943.949,533.173,0.3
961,0.0648003,863.75,533.173,0.3
962,0.059761,350.125,533.173,0.3
963,0.063448,995.885,533.173,0.3
964,0.0671024,29072.8,533.173,0.3
965,0.070303,970.902,533.173,0.3
966,0.0771885,3453.28,533.173,0.3
967,0.077774,833.292,570.003,0.3
968,0.0811424,2974.8,570.003,0.3
969,0.0771275,598.214,570.003,0.3
970,0.0706882,315.722,570.003,0.3
971,0.0725327,815.321,570.003,0.3
972,0.0690136,563.203,570.003,0.3
973,0.0606728,180.454,570.003,0.3
974,0.0659046,5106.75,570.003,0.3
975,0.0702724,765.217,570.003,0.3
976,0.0671787,394.253,570.003,0.3
977,0.0732555,593.189,609.378,0.3
978,0.0765953,970.103,609.378,0.3
979,0.0703526,268.098,609.378,0.3
980,0.071516,428.399,609.378,0.3
981,0.0711727,704.54,609.378,0.3
982,0.0727806,609.979,609.378,0.3
983,0.0693035,20766.2,609.378,0.3
984,0.0655804,301.372,609.378,0.3
985,0.0597172,324.08,609.378,0.3
986,0.0619373,385.983,609.378,0.3
987,0.0612106,739.418,609.378,0.3
988,0.0598545,919.932,609.378,0.3
989,0.0653648,8461.78,651.472,0.3
990,0.065239,1275.63,651.472,0.3
991,0.0637035,550.832,651.472,0.3
992,0.062809,607.224,651.472,0.3
993,0.0606709,469.193,651.472,0.3
994,0.0642109,1682.25,651.472,0.3
995,0.0667019,4655.9,651.472,0.3
996,0.0675049,814.7,651.472,0.3
997,0.0684834,924.602,651.472,0.3
998,0.0652046,409.45,651.472,0.3
999,0.0685596,991.503,696.474,0.3
1000,0.0683022,1065.06,696.474,0.3
1001,0.0653591,472.035,696.474,0.3
1002,0.0634594,436.237,696.474,0.3
1003,0.0644932,965.726,696.474,0.3
1004,0.0606766,971.806,696.474,0.3
1005,0.0611706,1849.14,696.474,0.3
1006,0.0650215,1880.2,696.474,0.3
1007,0.0656872,885.075,696.474,0.3
1008,0.064045,335.594,696.474,0.3
1009,0.058733,396.514,696.474,0.3
1010,0.0552673,436.998,696.474,0.3
1011,0.0571766,480.491,744.585,0.3
1012,0.0543499,520.08,744.585,0.3
1013,0.0521374,1844.95,744.585,0.3
1014,0.0562611,1017.21,744.585,0.3
1015,0.0477047,290.18,744.585,0.3
1016,0.0452137,381.811,744.585,0.3
1017,0.0487423,838.739,744.585,0.3
1018,0.0481148,80757.5,744.585,0.3
1019,0.0474548,1003.14,744.585,0.3
1020,0.0537052,861.623,744.585,0.3
1021,0.0542698,416.056,744.585,0.3
1022,0.049118,305.84,744.585,0.3
1023,0.049593,1012.97,796.019,0.3
1024,0.0491428,604.202,796.019,0.3
1025,0.0506821,4060.43,796.019,0.3
1026,0.0501041,534.232,796.019,0.3
1027,0.0501308,957.715,796.019,0.3
1028,0.0488071,11356.8,796.019,0.3
1029,0.0466442,533.07,796.019,0.3
1030,0.0489826,822.386,796.019,0.3
1031,0.0484161,423.356,796.019,0.3
1032,0.0505505,644.338,796.019,0.3
1033,0.0527401,427.569,851.006,0.3
1034,0.0533638,1252.57,851.006,0.3
1035,0.0485687,436.517,851.006,0.3
1036,0.0445404,453.695,851.006,0.3
1037,0.0454369,991.222,851.006,0.3
1038,0.0372372,309.364,851.006,0.3
1039,0.0417519,3024.67,851.006,0.3
1040,0.0440788,1261.17,851.006,0.3
1041,0.0445633,2110.2,909.792,0.3
1042,0.0421238,592.011,909.792,0.3
1043,0.0409489,1657.75,909.792,0.3
1044,0.0427761,4153.38,909.792,0.3
1045,0.0448952,1128.41,909.792,0.3
1046,0.0488377,1497.95,909.792,0.3
1047,0.0463676,2177.5,909.792,0.3
1048,0.0519333,2763.66,909.792,0.3
1049,0.0522156,2412.58,972.638,0.3
1050,0.0499363,409.166,972.638,0.3
1051,0.0474167,3041.82,972.638,0.3
1052,0.0456009,1435.07,972.638,0.3
1053,0.042778,905.756,972.638,0.3
1054,0.0425816,1476.17,972.638,0.3
1055,0.0427914,2198.4,972.638,0.3
1056,0.0455246,1854.78,972.638,0.3
1057,0.0475769,1219.66,972.638,0.3
1058,0.0440617,432.835,972.638,0.3
1059,0.0437336,455.416,972.638,0.3
1060,0.0431366,542.465,972.638,0.3
1061,0.0444794,585.492,972.638,0.3
1062,0.0371399,285.351,972.638,0.3
1063,0.0369854,647.723,972.638,0.3
1064,0.0375404,641.397,1039.83,0.3
1065,0.0373936,2364.44,1039.83,0.3
1066,0.0411987,3053.49,1039.83,0.3
1067,0.0438824,1770.92,1039.83,0.3
1068,0.0443974,1591.27,1039.83,0.3
1069,0.0432968,2560.35,1039.83,0.3
1070,0.0394802,277.659,1039.83,0.3
1071,0.0415764,1492.33,1039.83,0.3
1072,0.0399075,792.245,1039.83,0.3
1073,0.0377502,305.167,1039.83,0.3
1074,0.0375748,7417,1039.83,0.3
1075,0.0377865,576.587,1111.65,0.3
1076,0.0373993,656.245,1111.65,0.3
1077,0.0399094,1185.74,1111.65,0.3
1078,0.0373459,868.396,1111.65,0.3
1079,0.0397205,943.523,1111.65,0.3
1080,0.0395508,19126.8,1111.65,0.3
1081,0.0395584,634.394,1111.65,0.3
1082,0.0394382,1001.05,1111.65,0.3
1083,0.0391712,880.997,1111.65,0.3
1084,0.0391293,1504.2,1111.65,0.3
1085,0.037714,817.409,1111.65,0.3
1086,0.0347137,779.435,1111.65,0.3
1087,0.0395298,3010.33,1111.65,0.3
1088,0.0389233,732.036,1111.65,0.3
1089,0.0379257,1132.67,1111.65,0.3
1090,0.0366898,514.291,1111.65,0.3
1091,0.0381317,1000.27,1188.44,0.3
1092,0.036808,598.615,1188.44,0.3
1093,0.0358162,372.659,1188.44,0.3
1094,0.0372658,1920.29,1188.44,0.3
1095,0.0371075,909.422,1188.44,0.3
1096,0.0373631,4977,1188.44,0.3
1097,0.0384274,5424.01,1188.44,0.3
1098,0.0385551,630.305,1188.44,0.3
1099,0.040144,3811.35,1270.54,0.3
1100,0.0428104,1971.66,1270.54,0.3
1101,0.0460815,854.428,1270.54,0.3
1102,0.0435276,530.284,1270.54,0.3
1103,0.0423431,1307.7,1270.54,0.3
1104,0.0384007,368.598,1270.54,0.3
1105,0.0366135,541.623,1270.54,0.3
1106,0.0357952,913.115,1270.54,0.3
1107,0.0388565,898.641,1270.54,0.3
1108,0.0398655,1453.04,1270.54,0.3
1109,0.0374813,929.446,1270.54,0.3
1110,0.0393181,2095.84,1358.31,0.3
1111,0.036211,733.545,1358.31,0.3
1112,0.0391617,1028.84,1358.31,0.3
1113,0.0394974,2316.02,1358.31,0.3
1114,0.0417633,2938.56,1358.31,0.3
1115,0.0371227,317.987,1358.31,0.3
1116,0.0400829,850.141,1358.31,0.3
1117,0.0384007,397.851,1358.31,0.3
1118,0.0371494,1239.26,1358.31,0.3
1119,0.0365009,2220.32,1358.31,0.3
1120,0.0378609,8378.63,1452.13,0.3
1121,0.0361824,1633.75,1452.13,0.3
1122,0.0333424,2108.42,1452.13,0.3
1123,0.0338097,1504.47,1452.13,0.3
1124,0.0363102,6856.79,1452.13,0.3
1125,0.035965,820.682,1452.13,0.3
1126,0.033329,622.907,1452.13,0.3
1127,0.0321274,5140.61,1452.13,0.3
1128,0.029726,940.757,1452.13,0.3
1129,0.0268593,442.259,1452.13,0.3
1130,0.0274525,668.567,1452.13,0.3
1131,0.0281754,811.552,1452.13,0.3
1132,0.0305672,2817.7,1552.44,0.3
1133,0.0313225,906.549,1552.44,0.3
1134,0.0328732,2483.89,1552.44,0.3
1135,0.0346012,9085.27,1552.44,0.3
1136,0.0352612,5154.73,1552.44,0.3
1137,0.0345154,7416.5,1552.44,0.3
1138,0.034935,4845.45,1659.68,0.3
1139,0.0337467,1925.38,1659.68,0.3
1140,0.0337372,1497.44,1659.68,0.3
1141,0.0366802,2807.58,1659.68,0.3
1142,0.0384789,1883.7,1659.68,0.3
1143,0.0373363,596.89,1659.68,0.3
1144,0.0377598,1789.96,1659.68,0.3
1145,0.0356083,750.769,1659.68,0.3
1146,0.0347462,665.301,1659.68,0.3
1147,0.0345707,656.913,1659.68,0.3
1148,0.0344906,1331.76,1659.68,0.3
1149,0.035675,1022,1659.68,0.3
1150,0.0359745,1277.34,1774.33,0.3
1151,0.0372562,1309.28,1774.33,0.3
1152,0.037199,880.091,1774.33,0.3
1153,0.0357456,1283.48,1774.33,0.3
1154,0.0369797,798.517,1774.33,0.3
1155,0.0389156,21476.2,1774.33,0.3
1156,0.0404549,5207.2,1774.33,0.3
1157,0.040659,14549.4,1896.9,0.3
1158,0.0397892,4686.19,1896.9,0.3
1159,0.0390625,4041.65,1896.9,0.3
1160,0.037611,5506.19,1896.9,0.3
1161,0.0362854,486.238,1896.9,0.3
1162,0.0377712,1849.49,1896.9,0.3
1163,0.0389061,2847.54,1896.9,0.3
1164,0.0397148,1082.1,1896.9,0.3
1165,0.036829,533.972,1896.9,0.3
1166,0.0380802,1227.11,1896.9,0.3
1167,0.0380077,1161.58,1896.9,0.3
1168,0.0380554,962.952,2027.93,0.3
1169,0.038065,4730.48,2027.93,0.3
1170,0.0380344,768.914,2027.93,0.3
1171,0.0358906,590.202,2027.93,0.3
1172,0.0365257,1254.71,2027.93,0.3
1173,0.0348892,735.261,2027.93,0.3
1174,0.032793,537.674,2027.93,0.3
1175,0.0305138,7815.24,2027.93,0.3
1176,0.0300903,1274.06,2027.93,0.3
1177,0.033289,3235.76,2027.93,0.3
1178,0.0329494,12106.9,2027.93,0.3
1179,0.0317459,1160.02,2027.93,0.3
1180,0.0303917,673.652,2027.93,0.3
1181,0.0296459,1284.07,2027.93,0.3
1182,0.0287075,935.27,2027.93,0.3
1183,0.0264435,917.005,2027.93,0.3
1184,0.0272217,2224.68,2027.93,0.3
1185,0.0299435,13714.4,2168.01,0.3
1186,0.0284538,1315.79,2168.01,0.3
1187,0.0316505,2985.39,2168.01,0.3
1188,0.0317879,764.796,2168.01,0.3
1189,0.0312786,1247.45,2168.01,0.3
1190,0.0318718,904.602,2168.01,0.3
1191,0.031929,1034.56,2168.01,0.3
1192,0.0340462,2913.26,2317.77,0.3
1193,0.0340424,5202.6,2317.77,0.3
1194,0.0356884,4194.13,2317.77,0.3
1195,0.0352573,5909.18,2317.77,0.3
1196,0.0341301,3806.3,2317.77,0.3
1197,0.0332718,2235.03,2317.77,0.3
1198,0.033308,2830.16,2317.77,0.3
1199,0.0339794,3181.54,2317.77,0.3
1200,0.0321445,5039.12,2317.77,0.3
1201,0.0330181,4318.29,2317.77,0.3
1202,0.0320206,1480.89,2317.77,0.3
1203,0.0300503,907.066,2317.77,0.3
1204,0.0316296,1314,2477.88,0.3
1205,0.0288525,3334.03,2477.88,0.3
1206,0.0273514,2463.85,2477.88,0.3
1207,0.0274429,1070.95,2477.88,0.3
1208,0.0286369,2132.34,2477.88,0.3
1209,0.0259628,811.59,2477.88,0.3
1210,0.0235157,996.958,2477.88,0.3
1211,0.0260983,6597.99,2477.88,0.3
1212,0.0283165,2196.36,2477.88,0.3
1213,0.0275669,4132.5,2477.88,0.3
1214,0.0299015,6108.88,2649.05,0.3
1215,0.0291271,1500.15,2649.05,0.3
1216,0.0293465,3238.03,2649.05,0.3
1217,0.0297623,2877.7,2649.05,0.3
1218,0.0284939,55909,2649.05,0.3
1219,0.0289383,5022.63,2649.05,0.3
1220,0.0289326,1485.39,2649.05,0.3
1221,0.0289192,31600.8,2649.05,0.3
1222,0.0294952,2808.26,2649.05,0.3
1223,0.0305614,55927.8,2832.04,0.3
1224,0.0290833,690.642,2832.04,0.3
1225,0.0285416,4551.23,2832.04,0.3
1226,0.0266056,739.931,2832.04,0.3
1227,0.028162,4324.5,2832.04,0.3
1228,0.0298367,3960.51,2832.04,0.3
1229,0.02952,2159.63,2832.04,0.3
1230,0.0279541,1010.57,2832.04,0.3
1231,0.0282688,1144.14,2832.04,0.3
1232,0.029213,1668.33,2832.04,0.3
1233,0.0284691,966.985,2832.04,0.3
1234,0.0274487,5960.2,2832.04,0.3
1235,0.0285511,3800.56,3027.67,0.3
1236,0.029356,3052.12,3027.67,0.3
1237,0.0295944,1766.92,3027.67,0.3
1238,0.0257683,916.816,3027.67,0.3
1239,0.0264015,2240.87,3027.67,0.3
1240,0.0244026,1247.8,3027.67,0.3
1241,0.025713,5279.68,3027.67,0.3
1242,0.0242233,792.891,3027.67,0.3
1243,0.0235443,7571.7,3027.67,0.3
1244,0.023159,1689.61,3027.67,0.3
1245,0.0239048,2086.02,3236.81,0.3
1246,0.0243874,2433.56,3236.81,0.3
1247,0.0261478,3041.45,3236.81,0.3
1248,0.0253124,1499.85,3236.81,0.3
1249,0.0250072,1243.25,3236.81,0.3
1250,0.0249825,2651.41,3236.81,0.3
1251,0.0267353,2372.45,3236.81,0.3
1252,0.0254822,2107.84,3236.81,0.3
1253,0.0270348,363409,3236.81,0.3
1254,0.0277233,2805.73,3460.4,0.3
1255,0.0270061,2327.74,3460.4,0.3
1256,0.0244236,626.587,3460.4,0.3
1257,0.0249786,2793.25,3460.4,0.3
1258,0.0261059,60568.1,3460.4,0.3
1259,0.0262184,3678.42,3460.4,0.3
1260,0.0266132,7968.64,3460.4,0.3
1261,0.0275898,2036.93,3699.44,0.3
1262,0.0279732,3617.17,3699.44,0.3
1263,0.0254097,1589.33,3699.44,0.3
1264,0.0263977,2721.03,3699.44,0.3
1265,0.0271511,31600.8,3699.44,0.3
1266,0.0265999,22713,3699.44,0.3
1267,0.0266476,2336.26,3699.44,0.3
1268,0.0262184,811.461,3699.44,0.3
1269,0.0270138,6588.79,3954.99,0.3
1270,0.0269527,24255.2,3954.99,0.3
1271,0.026762,4720.87,3954.99,0.3
1272,0.024498,711.012,3954.99,0.3
1273,0.0245018,3566.84,3954.99,0.3
1274,0.022747,3903.22,3954.99,0.3
1275,0.0223694,1297.02,3954.99,0.3
1276,0.0223141,2175.51,3954.99,0.3
1277,0.0221043,2525.92,3954.99,0.3
1278,0.0225048,2362.26,3954.99,0.3
1279,0.0227451,2523.33,3954.99,0.3
1280,0.0230141,9048.22,3954.99,0.3
1281,0.0238762,1370.95,4228.19,0.3
1282,0.0220661,1278.19,4228.19,0.3
1283,0.0216045,1339.26,4228.19,0.3
1284,0.0213776,1010.39,4228.19,0.3
1285,0.0214252,1951.51,4228.19,0.3
1286,0.0221806,24227.2,4228.19,0.3
1287,0.0231075,2092.7,4228.19,0.3
1288,0.0222569,6163.64,4228.19,0.3
1289,0.0218391,1404.9,4228.19,0.3
1290,0.0249233,10348,4228.19,0.3
1291,0.0252018,7521.56,4520.26,0.3
1292,0.0250511,1984.24,4520.26,0.3
1293,0.024786,1660.26,4520.26,0.3
1294,0.0226727,3165.32,4520.26,0.3
1295,0.021204,1102.29,4520.26,0.3
1296,0.0224285,25062.7,4520.26,0.3
1297,0.020792,3076.12,4520.26,0.3
1298,0.020792,4475.59,4520.26,0.3
1299,0.020771,2210.04,4520.26,0.3
1300,0.0211887,7350.64,4520.26,0.3
1301,0.0196609,2976.36,4520.26,0.3
1302,0.0184555,1079.53,4520.26,0.3
1303,0.0210857,6267.27,4520.26,0.3
1304,0.0200138,1293.43,4520.26,0.3
1305,0.019331,1487.95,4520.26,0.3
1306,0.0198879,1634.84,4520.26,0.3
1307,0.0197887,2637.82,4520.26,0.3
1308,0.0206547,1485.48,4832.51,0.3
1309,0.0226345,31600.8,4832.51,0.3
1310,0.0239754,3542.59,4832.51,0.3
1311,0.022234,8354.22,4832.51,0.3
1312,0.021841,1904.9,4832.51,0.3
1313,0.0210743,879.368,4832.51,0.3
1314,0.0202808,4092.83,4832.51,0.3
1315,0.0203457,4699.83,4832.51,0.3
1316,0.0184917,16151.5,4832.51,0.3
1317,0.0180893,1431.66,4832.51,0.3
1318,0.0192127,2787.97,4832.51,0.3
1319,0.0185814,4781.96,4832.51,0.3
1320,0.0191841,1127.95,5166.33,0.3
1321,0.019413,4762.47,5166.33,0.3
1322,0.0194283,1510.39,5166.33,0.3
1323,0.0187778,1534.05,5166.33,0.3
1324,0.0193691,3984.13,5166.33,0.3
1325,0.019043,2742.38,5166.33,0.3
1326,0.0195522,3941.7,5166.33,0.3
1327,0.0196095,2025.15,5523.21,0.3
1328,0.0189762,706.447,5523.21,0.3
1329,0.0196152,8731.54,5523.21,0.3
1330,0.0192776,10688.8,5523.21,0.3
1331,0.0179672,940.127,5523.21,0.3
1332,0.0191841,5275.3,5523.21,0.3
1333,0.0191727,5223.23,5523.21,0.3
1334,0.0195847,4785.16,5523.21,0.3
1335,0.0181465,907.089,5523.21,0.3
1336,0.0168476,1043.57,5523.21,0.3
1337,0.0181828,5591.33,5523.21,0.3
1338,0.0192661,3228.99,5904.74,0.3
1339,0.0188618,3684.09,5904.74,0.3
1340,0.0168877,1644.56,5904.74,0.3
1341,0.0179672,8992.9,5904.74,0.3
1342,0.0167332,815.119,5904.74,0.3
1343,0.016201,1859.93,5904.74,0.3
1344,0.0172672,1795.65,5904.74,0.3
1345,0.0161209,905.107,5904.74,0.3
1346,0.0157871,1601.71,5904.74,0.3
1347,0.0170784,2592.19,5904.74,0.3
1348,0.0173473,1900.36,5904.74,0.3
1349,0.0174465,6894.84,6312.62,0.3
1350,0.0181637,3160.07,6312.62,0.3
1351,0.017416,51915.5,6312.62,0.3
1352,0.0179234,2369.79,6312.62,0.3
1353,0.0177383,8259.29,6312.62,0.3
1354,0.0176182,2376.64,6312.62,0.3
1355,0.0179176,1739.3,6312.62,0.3
1356,0.0182457,2320.76,6312.62,0.3
1357,0.0185089,6221.97,6748.68,0.3
1358,0.018013,4010.08,6748.68,0.3
1359,0.017004,1243.6,6748.68,0.3
1360,0.0188046,30288.8,6748.68,0.3
1361,0.0183392,3977.39,6748.68,0.3
1362,0.0180187,2326.09,6748.68,0.3
1363,0.0179138,2742.41,6748.68,0.3
1364,0.017149,3883.75,6748.68,0.3
1365,0.0171509,4135.53,6748.68,0.3
1366,0.0156574,4250.96,6748.68,0.3
1367,0.0167694,9258.85,6748.68,0.3
1368,0.016386,3000.38,6748.68,0.3
1369,0.0172939,2890.4,6748.68,0.3
1370,0.0174866,2181.08,7214.86,0.3
1371,0.0165043,3074.92,7214.86,0.3
1372,0.0161953,7068.53,7214.86,0.3
1373,0.0153408,1058.32,7214.86,0.3
1374,0.0163193,51593.9,7214.86,0.3
1375,0.0163422,4908.32,7214.86,0.3
1376,0.0146885,1455.06,7214.86,0.3
1377,0.014883,14840.1,7214.86,0.3
1378,0.0140743,1236.71,7214.86,0.3
1379,0.014267,4906.82,7214.86,0.3
1380,0.0141544,1423.5,7214.86,0.3
1381,0.0136471,1079.4,7214.86,0.3
1382,0.0149765,9155.57,7713.25,0.3
1383,0.0152378,4174.55,7713.25,0.3
1384,0.0153122,4907.37,7713.25,0.3
1385,0.0151615,1698.05,7713.25,0.3
1386,0.0155125,8827.22,7713.25,0.3
1387,0.0165272,45440.7,7713.25,0.3
1388,0.0171909,12318.9,8246.06,0.3
1389,0.0181789,3694.17,8246.06,0.3
1390,0.016922,1514.42,8246.06,0.3
1391,0.0152378,6668.09,8246.06,0.3
1392,0.0154266,2379.29,8246.06,0.3
1393,0.0163364,69676.7,8246.06,0.3
1394,0.0164986,3959.62,8246.06,0.3
1395,0.0173111,7004.03,8815.68,0.3
1396,0.017952,3662.17,8815.68,0.3
1397,0.0175781,1905.71,8815.68,0.3
1398,0.0181198,51915.5,8815.68,0.3
1399,0.0177135,14900.5,8815.68,0.3
1400,0.0185642,181704,8815.68,0.3
1401,0.0182915,1551.05,8815.68,0.3
1402,0.0179157,7969.15,8815.68,0.3
1403,0.0182152,3075.05,8815.68,0.3
1404,0.0163803,2266,8815.68,0.3
1405,0.0165672,8278.38,9424.65,0.3
1406,0.017046,2710.06,9424.65,0.3
1407,0.0159607,1556.07,9424.65,0.3
1408,0.0150681,1861.28,9424.65,0.3
1409,0.0152493,4149.09,9424.65,0.3
1410,0.0153103,2593.9,9424.65,0.3
1411,0.0147896,1610.96,9424.65,0.3
1412,0.0140781,5915.09,9424.65,0.3
1413,0.0143623,21597.4,9424.65,0.3
1414,0.0141048,9010.03,9424.65,0.3
1415,0.01371,1999.26,9424.65,0.3
1416,0.0140972,3585.81,10075.7,0.3
1417,0.0143681,4022.52,10075.7,0.3
1418,0.0132732,1430,10075.7,0.3
1419,0.0130138,2565.23,10075.7,0.3
1420,0.0121479,1381.05,10075.7,0.3
1421,0.0118008,23445.7,10075.7,0.3
1422,0.0128136,9477.88,10075.7,0.3
1423,0.0131073,2510.27,10075.7,0.3
1424,0.0137539,25062.7,10075.7,0.3
1425,0.0138645,5105.61,10771.7,0.3
1426,0.0134087,1286.92,10771.7,0.3
1427,0.0138226,2446.91,10771.7,0.3
1428,0.0135365,5248.51,10771.7,0.3
1429,0.0129128,2773.55,10771.7,0.3
1430,0.0125427,3283.33,10771.7,0.3
1431,0.0126896,2548.81,10771.7,0.3
1432,0.0130272,3778.13,10771.7,0.3
1433,0.011301,1261.97,10771.7,0.3
1434,0.0112438,2475.79,10771.7,0.3
1435,0.0118675,4246.2,10771.7,0.3
1436,0.0125961,14553.5,11515.8,0.3
1437,0.0125904,5772.45,11515.8,0.3
1438,0.0120525,2968.33,11515.8,0.3
1439,0.0127048,27955.1,11515.8,0.3
1440,0.0138931,7576.05,11515.8,0.3
1441,0.013895,11584.5,11515.8,0.3
1442,0.0144119,4592.78,11515.8,0.3
1443,0.0149326,2701.03,12311.2,0.3
1444,0.0144558,146039,12311.2,0.3
1445,0.0140514,2651.23,12311.2,0.3
1446,0.0137882,7159.77,12311.2,0.3
1447,0.0136585,15464.3,12311.2,0.3
1448,0.0139561,4188.79,12311.2,0.3
1449,0.0148964,4791.75,12311.2,0.3
1450,0.0151844,5503.78,12311.2,0.3
1451,0.0150223,13214.9,12311.2,0.3
1452,0.014883,18133.9,12311.2,0.3
1453,0.0145206,3537.67,12311.2,0.3
1454,0.0150471,13679.7,12311.2,0.3
1455,0.0140667,2770.27,12311.2,0.3
1456,0.0138321,2825.32,12311.2,0.3
1457,0.0132771,5360.76,12311.2,0.3
1458,0.0130463,9423.94,12311.2,0.3
1459,0.0136623,121136,13161.7,0.3
1460,0.0128632,2087.46,13161.7,0.3
1461,0.0129414,2095.66,13161.7,0.3
1462,0.0117798,1538.98,13161.7,0.3
1463,0.0113163,3395.65,13161.7,0.3
1464,0.0105896,4265.55,13161.7,0.3
1465,0.0110683,181704,13161.7,0.3
1466,0.0103378,1732.35,13161.7,0.3
1467,0.0114365,12267.6,13161.7,0.3
1468,0.0111465,4568.81,13161.7,0.3
1469,0.0103226,1644.76,13161.7,0.3
1470,0.00942039,1897.8,13161.7,0.3
